<?xml version="1.0" encoding="UTF-8"?>
<project-private xmlns="http://www.netbeans.org/ns/project-private/1">
    <editor-bookmarks xmlns="http://www.netbeans.org/ns/editor-bookmarks/2" lastBookmarkId="0"/>
    <open-files xmlns="http://www.netbeans.org/ns/projectui-open-files/2">
        <group>
            <file>file:/C:/Users/padul/Desktop/PDOO/Practicas/P4/RUBY/Civitas/lib/civitas_juego.rb</file>
            <file>file:/C:/Users/padul/Desktop/PDOO/Practicas/P4/RUBY/Civitas/lib/casilla_calle.rb</file>
            <file>file:/C:/Users/padul/Desktop/PDOO/Practicas/P4/RUBY/Civitas/lib/tablero.rb</file>
            <file>file:/C:/Users/padul/Desktop/PDOO/Practicas/P4/RUBY/Civitas/lib/titulo_propiedad.rb</file>
        </group>
    </open-files>
</project-private>
